[
{
    "model": "album.group",
    "pk": 1,
    "fields": {
        "name": "A",
        "sort_order": 0
    }
},
{
    "model": "album.group",
    "pk": 2,
    "fields": {
        "name": "B",
        "sort_order": 1
    }
},
{
    "model": "album.group",
    "pk": 3,
    "fields": {
        "name": "C",
        "sort_order": 2
    }
},
{
    "model": "album.group",
    "pk": 4,
    "fields": {
        "name": "D",
        "sort_order": 3
    }
},
{
    "model": "album.group",
    "pk": 5,
    "fields": {
        "name": "E",
        "sort_order": 4
    }
},
{
    "model": "album.group",
    "pk": 6,
    "fields": {
        "name": "F",
        "sort_order": 5
    }
},
{
    "model": "album.group",
    "pk": 7,
    "fields": {
        "name": "G",
        "sort_order": 6
    }
},
{
    "model": "album.group",
    "pk": 8,
    "fields": {
        "name": "H",
        "sort_order": 7
    }
},
{
    "model": "album.group",
    "pk": 9,
    "fields": {
        "name": "Extras",
        "sort_order": 8
    }
},
{
    "model": "album.team",
    "pk": 1,
    "fields": {
        "name": "Qatar",
        "code": "QAT",
        "flag": "qa",
        "sticker_max": 19,
        "group": 1,
        "sort_order": 0,
        "starting_number": 1
    }
},
{
    "model": "album.team",
    "pk": 2,
    "fields": {
        "name": "Ecuador",
        "code": "ECU",
        "flag": "ec",
        "sticker_max": 19,
        "group": 1,
        "sort_order": 0,
        "starting_number": 1
    }
},
{
    "model": "album.team",
    "pk": 3,
    "fields": {
        "name": "Senegal",
        "code": "SEN",
        "flag": "sn",
        "sticker_max": 19,
        "group": 1,
        "sort_order": 0,
        "starting_number": 1
    }
},
{
    "model": "album.team",
    "pk": 4,
    "fields": {
        "name": "Holanda",
        "code": "NED",
        "flag": "nl",
        "sticker_max": 19,
        "group": 1,
        "sort_order": 0,
        "starting_number": 1
    }
},
{
    "model": "album.team",
    "pk": 5,
    "fields": {
        "name": "Inglaterra",
        "code": "ENG",
        "flag": "gb-eng",
        "sticker_max": 19,
        "group": 2,
        "sort_order": 0,
        "starting_number": 1
    }
},
{
    "model": "album.team",
    "pk": 6,
    "fields": {
        "name": "Irán",
        "code": "IRN",
        "flag": "ir",
        "sticker_max": 19,
        "group": 2,
        "sort_order": 0,
        "starting_number": 1
    }
},
{
    "model": "album.team",
    "pk": 7,
    "fields": {
        "name": "Estados Unidos",
        "code": "USA",
        "flag": "us",
        "sticker_max": 19,
        "group": 2,
        "sort_order": 0,
        "starting_number": 1
    }
},
{
    "model": "album.team",
    "pk": 8,
    "fields": {
        "name": "Gales",
        "code": "WAL",
        "flag": "gb-wls",
        "sticker_max": 19,
        "group": 2,
        "sort_order": 0,
        "starting_number": 1
    }
},
{
    "model": "album.team",
    "pk": 9,
    "fields": {
        "name": "Argentina",
        "code": "ARG",
        "flag": "ar",
        "sticker_max": 19,
        "group": 3,
        "sort_order": 0,
        "starting_number": 1
    }
},
{
    "model": "album.team",
    "pk": 10,
    "fields": {
        "name": "Arabia Saudita",
        "code": "KSA",
        "flag": "sa",
        "sticker_max": 19,
        "group": 3,
        "sort_order": 0,
        "starting_number": 1
    }
},
{
    "model": "album.team",
    "pk": 11,
    "fields": {
        "name": "México",
        "code": "MEX",
        "flag": "mx",
        "sticker_max": 19,
        "group": 3,
        "sort_order": 0,
        "starting_number": 1
    }
},
{
    "model": "album.team",
    "pk": 12,
    "fields": {
        "name": "Polonia",
        "code": "POL",
        "flag": "pl",
        "sticker_max": 19,
        "group": 3,
        "sort_order": 0,
        "starting_number": 1
    }
},
{
    "model": "album.team",
    "pk": 13,
    "fields": {
        "name": "Francia",
        "code": "FRA",
        "flag": "fr",
        "sticker_max": 19,
        "group": 4,
        "sort_order": 0,
        "starting_number": 1
    }
},
{
    "model": "album.team",
    "pk": 14,
    "fields": {
        "name": "Australia",
        "code": "AUS",
        "flag": "au",
        "sticker_max": 19,
        "group": 4,
        "sort_order": 0,
        "starting_number": 1
    }
},
{
    "model": "album.team",
    "pk": 15,
    "fields": {
        "name": "Dinamarca",
        "code": "DEN",
        "flag": "dk",
        "sticker_max": 19,
        "group": 4,
        "sort_order": 0,
        "starting_number": 1
    }
},
{
    "model": "album.team",
    "pk": 16,
    "fields": {
        "name": "Túnez",
        "code": "TUN",
        "flag": "tn",
        "sticker_max": 19,
        "group": 4,
        "sort_order": 0,
        "starting_number": 1
    }
},
{
    "model": "album.team",
    "pk": 17,
    "fields": {
        "name": "España",
        "code": "ESP",
        "flag": "es",
        "sticker_max": 19,
        "group": 5,
        "sort_order": 0,
        "starting_number": 1
    }
},
{
    "model": "album.team",
    "pk": 18,
    "fields": {
        "name": "Costa Rica",
        "code": "CRC",
        "flag": "cr",
        "sticker_max": 19,
        "group": 5,
        "sort_order": 0,
        "starting_number": 1
    }
},
{
    "model": "album.team",
    "pk": 19,
    "fields": {
        "name": "Alemania",
        "code": "GER",
        "flag": "de",
        "sticker_max": 19,
        "group": 5,
        "sort_order": 0,
        "starting_number": 1
    }
},
{
    "model": "album.team",
    "pk": 20,
    "fields": {
        "name": "Japón",
        "code": "JPN",
        "flag": "jp",
        "sticker_max": 19,
        "group": 5,
        "sort_order": 0,
        "starting_number": 1
    }
},
{
    "model": "album.team",
    "pk": 21,
    "fields": {
        "name": "Bélgica",
        "code": "BEL",
        "flag": "be",
        "sticker_max": 19,
        "group": 6,
        "sort_order": 0,
        "starting_number": 1
    }
},
{
    "model": "album.team",
    "pk": 22,
    "fields": {
        "name": "Canadá",
        "code": "CAN",
        "flag": "ca",
        "sticker_max": 19,
        "group": 6,
        "sort_order": 0,
        "starting_number": 1
    }
},
{
    "model": "album.team",
    "pk": 23,
    "fields": {
        "name": "Marruecos",
        "code": "MAR",
        "flag": "ma",
        "sticker_max": 19,
        "group": 6,
        "sort_order": 0,
        "starting_number": 1
    }
},
{
    "model": "album.team",
    "pk": 24,
    "fields": {
        "name": "Croacia",
        "code": "CRO",
        "flag": "hr",
        "sticker_max": 19,
        "group": 6,
        "sort_order": 0,
        "starting_number": 1
    }
},
{
    "model": "album.team",
    "pk": 25,
    "fields": {
        "name": "Brasil",
        "code": "BRA",
        "flag": "br",
        "sticker_max": 19,
        "group": 7,
        "sort_order": 0,
        "starting_number": 1
    }
},
{
    "model": "album.team",
    "pk": 26,
    "fields": {
        "name": "Serbia",
        "code": "SER",
        "flag": "rs",
        "sticker_max": 19,
        "group": 7,
        "sort_order": 0,
        "starting_number": 1
    }
},
{
    "model": "album.team",
    "pk": 27,
    "fields": {
        "name": "Suiza",
        "code": "SUI",
        "flag": "ch",
        "sticker_max": 19,
        "group": 7,
        "sort_order": 0,
        "starting_number": 1
    }
},
{
    "model": "album.team",
    "pk": 28,
    "fields": {
        "name": "Camerún",
        "code": "CAM",
        "flag": "cm",
        "sticker_max": 19,
        "group": 7,
        "sort_order": 0,
        "starting_number": 1
    }
},
{
    "model": "album.team",
    "pk": 29,
    "fields": {
        "name": "Portugal",
        "code": "POR",
        "flag": "pt",
        "sticker_max": 19,
        "group": 8,
        "sort_order": 0,
        "starting_number": 1
    }
},
{
    "model": "album.team",
    "pk": 30,
    "fields": {
        "name": "Ghana",
        "code": "GHA",
        "flag": "gh",
        "sticker_max": 19,
        "group": 8,
        "sort_order": 0,
        "starting_number": 1
    }
},
{
    "model": "album.team",
    "pk": 31,
    "fields": {
        "name": "Uruguay",
        "code": "URU",
        "flag": "uy",
        "sticker_max": 19,
        "group": 8,
        "sort_order": 0,
        "starting_number": 1
    }
},
{
    "model": "album.team",
    "pk": 32,
    "fields": {
        "name": "Corea del Sur",
        "code": "KOR",
        "flag": "kr",
        "sticker_max": 19,
        "group": 8,
        "sort_order": 0,
        "starting_number": 1
    }
},
{
    "model": "album.team",
    "pk": 33,
    "fields": {
        "name": "Estadios e Históricas",
        "code": "FWC",
        "flag": null,
        "sticker_max": 29,
        "group": 9,
        "sort_order": 0,
        "starting_number": 1
    }
},
{
    "model": "album.team",
    "pk": 34,
    "fields": {
        "name": "Coca Cola",
        "code": "C",
        "flag": null,
        "sticker_max": 8,
        "group": 9,
        "sort_order": 0,
        "starting_number": 1
    }
},
{
    "model": "album.team",
    "pk": 35,
    "fields": {
        "name": "Panini",
        "code": "P",
        "flag": null,
        "sticker_max": 1,
        "group": 9,
        "sort_order": 0,
        "starting_number": 0
    }
},
{
    "model": "contenttypes.contenttype",
    "fields": {
        "app_label": "album",
        "model": "group"
    }
},
{
    "model": "contenttypes.contenttype",
    "fields": {
        "app_label": "album",
        "model": "team"
    }
},
{
    "model": "contenttypes.contenttype",
    "fields": {
        "app_label": "album",
        "model": "sticker"
    }
},
{
    "model": "contenttypes.contenttype",
    "fields": {
        "app_label": "admin",
        "model": "logentry"
    }
},
{
    "model": "contenttypes.contenttype",
    "fields": {
        "app_label": "auth",
        "model": "permission"
    }
},
{
    "model": "contenttypes.contenttype",
    "fields": {
        "app_label": "auth",
        "model": "group"
    }
},
{
    "model": "contenttypes.contenttype",
    "fields": {
        "app_label": "auth",
        "model": "user"
    }
},
{
    "model": "contenttypes.contenttype",
    "fields": {
        "app_label": "contenttypes",
        "model": "contenttype"
    }
},
{
    "model": "contenttypes.contenttype",
    "fields": {
        "app_label": "sessions",
        "model": "session"
    }
},
{
    "model": "sessions.session",
    "pk": "va57tk8aj8lr197omaihuj126ndfyohw",
    "fields": {
        "session_data": ".eJxVjL0OwyAQg9-FuUKE8BM6ds8zIO4OStoKpJBMVd-9QcrQerHkz_ab-bBv2e8trn4hdmWSXX4zCPiMpQN6hHKvHGvZ1gV4r_CTNj5Xiq_b2f07yKHlvgYDU0jJJXCDIq2kmNAlSQLJCFRWJwPS6QEsHCIJKEfoiU2HjezzBQ0UOOk:1oZsjM:SJGQ3aZANB9yg3HqA1vp8kX2i8zpF60unkXn-f6fmnY",
        "expire_date": "2022-10-02T11:45:00.610Z"
    }
},
{
    "model": "auth.permission",
    "fields": {
        "name": "Can add group",
        "content_type": [
            "album",
            "group"
        ],
        "codename": "add_group"
    }
},
{
    "model": "auth.permission",
    "fields": {
        "name": "Can change group",
        "content_type": [
            "album",
            "group"
        ],
        "codename": "change_group"
    }
},
{
    "model": "auth.permission",
    "fields": {
        "name": "Can delete group",
        "content_type": [
            "album",
            "group"
        ],
        "codename": "delete_group"
    }
},
{
    "model": "auth.permission",
    "fields": {
        "name": "Can view group",
        "content_type": [
            "album",
            "group"
        ],
        "codename": "view_group"
    }
},
{
    "model": "auth.permission",
    "fields": {
        "name": "Can add team",
        "content_type": [
            "album",
            "team"
        ],
        "codename": "add_team"
    }
},
{
    "model": "auth.permission",
    "fields": {
        "name": "Can change team",
        "content_type": [
            "album",
            "team"
        ],
        "codename": "change_team"
    }
},
{
    "model": "auth.permission",
    "fields": {
        "name": "Can delete team",
        "content_type": [
            "album",
            "team"
        ],
        "codename": "delete_team"
    }
},
{
    "model": "auth.permission",
    "fields": {
        "name": "Can view team",
        "content_type": [
            "album",
            "team"
        ],
        "codename": "view_team"
    }
},
{
    "model": "auth.permission",
    "fields": {
        "name": "Can add sticker",
        "content_type": [
            "album",
            "sticker"
        ],
        "codename": "add_sticker"
    }
},
{
    "model": "auth.permission",
    "fields": {
        "name": "Can change sticker",
        "content_type": [
            "album",
            "sticker"
        ],
        "codename": "change_sticker"
    }
},
{
    "model": "auth.permission",
    "fields": {
        "name": "Can delete sticker",
        "content_type": [
            "album",
            "sticker"
        ],
        "codename": "delete_sticker"
    }
},
{
    "model": "auth.permission",
    "fields": {
        "name": "Can view sticker",
        "content_type": [
            "album",
            "sticker"
        ],
        "codename": "view_sticker"
    }
},
{
    "model": "auth.permission",
    "fields": {
        "name": "Can add log entry",
        "content_type": [
            "admin",
            "logentry"
        ],
        "codename": "add_logentry"
    }
},
{
    "model": "auth.permission",
    "fields": {
        "name": "Can change log entry",
        "content_type": [
            "admin",
            "logentry"
        ],
        "codename": "change_logentry"
    }
},
{
    "model": "auth.permission",
    "fields": {
        "name": "Can delete log entry",
        "content_type": [
            "admin",
            "logentry"
        ],
        "codename": "delete_logentry"
    }
},
{
    "model": "auth.permission",
    "fields": {
        "name": "Can view log entry",
        "content_type": [
            "admin",
            "logentry"
        ],
        "codename": "view_logentry"
    }
},
{
    "model": "auth.permission",
    "fields": {
        "name": "Can add permission",
        "content_type": [
            "auth",
            "permission"
        ],
        "codename": "add_permission"
    }
},
{
    "model": "auth.permission",
    "fields": {
        "name": "Can change permission",
        "content_type": [
            "auth",
            "permission"
        ],
        "codename": "change_permission"
    }
},
{
    "model": "auth.permission",
    "fields": {
        "name": "Can delete permission",
        "content_type": [
            "auth",
            "permission"
        ],
        "codename": "delete_permission"
    }
},
{
    "model": "auth.permission",
    "fields": {
        "name": "Can view permission",
        "content_type": [
            "auth",
            "permission"
        ],
        "codename": "view_permission"
    }
},
{
    "model": "auth.permission",
    "fields": {
        "name": "Can add group",
        "content_type": [
            "auth",
            "group"
        ],
        "codename": "add_group"
    }
},
{
    "model": "auth.permission",
    "fields": {
        "name": "Can change group",
        "content_type": [
            "auth",
            "group"
        ],
        "codename": "change_group"
    }
},
{
    "model": "auth.permission",
    "fields": {
        "name": "Can delete group",
        "content_type": [
            "auth",
            "group"
        ],
        "codename": "delete_group"
    }
},
{
    "model": "auth.permission",
    "fields": {
        "name": "Can view group",
        "content_type": [
            "auth",
            "group"
        ],
        "codename": "view_group"
    }
},
{
    "model": "auth.permission",
    "fields": {
        "name": "Can add user",
        "content_type": [
            "auth",
            "user"
        ],
        "codename": "add_user"
    }
},
{
    "model": "auth.permission",
    "fields": {
        "name": "Can change user",
        "content_type": [
            "auth",
            "user"
        ],
        "codename": "change_user"
    }
},
{
    "model": "auth.permission",
    "fields": {
        "name": "Can delete user",
        "content_type": [
            "auth",
            "user"
        ],
        "codename": "delete_user"
    }
},
{
    "model": "auth.permission",
    "fields": {
        "name": "Can view user",
        "content_type": [
            "auth",
            "user"
        ],
        "codename": "view_user"
    }
},
{
    "model": "auth.permission",
    "fields": {
        "name": "Can add content type",
        "content_type": [
            "contenttypes",
            "contenttype"
        ],
        "codename": "add_contenttype"
    }
},
{
    "model": "auth.permission",
    "fields": {
        "name": "Can change content type",
        "content_type": [
            "contenttypes",
            "contenttype"
        ],
        "codename": "change_contenttype"
    }
},
{
    "model": "auth.permission",
    "fields": {
        "name": "Can delete content type",
        "content_type": [
            "contenttypes",
            "contenttype"
        ],
        "codename": "delete_contenttype"
    }
},
{
    "model": "auth.permission",
    "fields": {
        "name": "Can view content type",
        "content_type": [
            "contenttypes",
            "contenttype"
        ],
        "codename": "view_contenttype"
    }
},
{
    "model": "auth.permission",
    "fields": {
        "name": "Can add session",
        "content_type": [
            "sessions",
            "session"
        ],
        "codename": "add_session"
    }
},
{
    "model": "auth.permission",
    "fields": {
        "name": "Can change session",
        "content_type": [
            "sessions",
            "session"
        ],
        "codename": "change_session"
    }
},
{
    "model": "auth.permission",
    "fields": {
        "name": "Can delete session",
        "content_type": [
            "sessions",
            "session"
        ],
        "codename": "delete_session"
    }
},
{
    "model": "auth.permission",
    "fields": {
        "name": "Can view session",
        "content_type": [
            "sessions",
            "session"
        ],
        "codename": "view_session"
    }
},
{
    "model": "auth.user",
    "fields": {
        "password": "pbkdf2_sha256$390000$OZD3uBHr8OpEwbh6a49l7n$J9AwVVsk9KwsYr3qD83qtJc4/ibghRYHi0pQkllCfp4=",
        "last_login": "2022-09-18T11:16:10.208Z",
        "is_superuser": true,
        "username": "ekersten",
        "first_name": "",
        "last_name": "",
        "email": "ekersten@gmail.com",
        "is_staff": true,
        "is_active": true,
        "date_joined": "2022-09-18T11:16:00.194Z",
        "groups": [],
        "user_permissions": []
    }
},
{
    "model": "auth.user",
    "fields": {
        "password": "pbkdf2_sha256$390000$CPAIxSwiWBhHOC3mVZcm1R$dU8T5LOR58Ifj+9IJ02J49PBWKY4OguN0G3vma0yjJE=",
        "last_login": "2022-09-18T11:45:00.608Z",
        "is_superuser": false,
        "username": "kersten",
        "first_name": "",
        "last_name": "",
        "email": "",
        "is_staff": false,
        "is_active": true,
        "date_joined": "2022-09-18T11:16:39.946Z",
        "groups": [],
        "user_permissions": []
    }
},
{
    "model": "admin.logentry",
    "pk": 1,
    "fields": {
        "action_time": "2022-09-18T11:16:40.040Z",
        "user": [
            "ekersten"
        ],
        "content_type": [
            "auth",
            "user"
        ],
        "object_id": "2",
        "object_repr": "kersten",
        "action_flag": 1,
        "change_message": "[{\"added\": {}}]"
    }
},
{
    "model": "album.sticker",
    "pk": 14,
    "fields": {
        "number": 2,
        "team": 33,
        "owner": [
            "kersten"
        ]
    }
},
{
    "model": "album.sticker",
    "pk": 15,
    "fields": {
        "number": 6,
        "team": 33,
        "owner": [
            "kersten"
        ]
    }
},
{
    "model": "album.sticker",
    "pk": 16,
    "fields": {
        "number": 9,
        "team": 33,
        "owner": [
            "kersten"
        ]
    }
},
{
    "model": "album.sticker",
    "pk": 17,
    "fields": {
        "number": 10,
        "team": 33,
        "owner": [
            "kersten"
        ]
    }
},
{
    "model": "album.sticker",
    "pk": 18,
    "fields": {
        "number": 11,
        "team": 33,
        "owner": [
            "kersten"
        ]
    }
},
{
    "model": "album.sticker",
    "pk": 19,
    "fields": {
        "number": 13,
        "team": 33,
        "owner": [
            "kersten"
        ]
    }
},
{
    "model": "album.sticker",
    "pk": 20,
    "fields": {
        "number": 15,
        "team": 33,
        "owner": [
            "kersten"
        ]
    }
},
{
    "model": "album.sticker",
    "pk": 21,
    "fields": {
        "number": 16,
        "team": 33,
        "owner": [
            "kersten"
        ]
    }
},
{
    "model": "album.sticker",
    "pk": 22,
    "fields": {
        "number": 17,
        "team": 33,
        "owner": [
            "kersten"
        ]
    }
},
{
    "model": "album.sticker",
    "pk": 24,
    "fields": {
        "number": 6,
        "team": 1,
        "owner": [
            "kersten"
        ]
    }
},
{
    "model": "album.sticker",
    "pk": 25,
    "fields": {
        "number": 9,
        "team": 1,
        "owner": [
            "kersten"
        ]
    }
},
{
    "model": "album.sticker",
    "pk": 26,
    "fields": {
        "number": 10,
        "team": 1,
        "owner": [
            "kersten"
        ]
    }
},
{
    "model": "album.sticker",
    "pk": 27,
    "fields": {
        "number": 11,
        "team": 1,
        "owner": [
            "kersten"
        ]
    }
},
{
    "model": "album.sticker",
    "pk": 28,
    "fields": {
        "number": 14,
        "team": 1,
        "owner": [
            "kersten"
        ]
    }
},
{
    "model": "album.sticker",
    "pk": 29,
    "fields": {
        "number": 17,
        "team": 1,
        "owner": [
            "kersten"
        ]
    }
},
{
    "model": "album.sticker",
    "pk": 30,
    "fields": {
        "number": 2,
        "team": 2,
        "owner": [
            "kersten"
        ]
    }
},
{
    "model": "album.sticker",
    "pk": 31,
    "fields": {
        "number": 4,
        "team": 2,
        "owner": [
            "kersten"
        ]
    }
},
{
    "model": "album.sticker",
    "pk": 32,
    "fields": {
        "number": 6,
        "team": 2,
        "owner": [
            "kersten"
        ]
    }
},
{
    "model": "album.sticker",
    "pk": 33,
    "fields": {
        "number": 7,
        "team": 2,
        "owner": [
            "kersten"
        ]
    }
},
{
    "model": "album.sticker",
    "pk": 34,
    "fields": {
        "number": 10,
        "team": 2,
        "owner": [
            "kersten"
        ]
    }
},
{
    "model": "album.sticker",
    "pk": 35,
    "fields": {
        "number": 16,
        "team": 2,
        "owner": [
            "kersten"
        ]
    }
},
{
    "model": "album.sticker",
    "pk": 36,
    "fields": {
        "number": 17,
        "team": 2,
        "owner": [
            "kersten"
        ]
    }
},
{
    "model": "album.sticker",
    "pk": 37,
    "fields": {
        "number": 10,
        "team": 3,
        "owner": [
            "kersten"
        ]
    }
},
{
    "model": "album.sticker",
    "pk": 38,
    "fields": {
        "number": 11,
        "team": 3,
        "owner": [
            "kersten"
        ]
    }
},
{
    "model": "album.sticker",
    "pk": 39,
    "fields": {
        "number": 15,
        "team": 3,
        "owner": [
            "kersten"
        ]
    }
},
{
    "model": "album.sticker",
    "pk": 40,
    "fields": {
        "number": 16,
        "team": 3,
        "owner": [
            "kersten"
        ]
    }
},
{
    "model": "album.sticker",
    "pk": 41,
    "fields": {
        "number": 2,
        "team": 4,
        "owner": [
            "kersten"
        ]
    }
},
{
    "model": "album.sticker",
    "pk": 42,
    "fields": {
        "number": 4,
        "team": 4,
        "owner": [
            "kersten"
        ]
    }
},
{
    "model": "album.sticker",
    "pk": 43,
    "fields": {
        "number": 5,
        "team": 4,
        "owner": [
            "kersten"
        ]
    }
},
{
    "model": "album.sticker",
    "pk": 44,
    "fields": {
        "number": 6,
        "team": 4,
        "owner": [
            "kersten"
        ]
    }
},
{
    "model": "album.sticker",
    "pk": 45,
    "fields": {
        "number": 8,
        "team": 4,
        "owner": [
            "kersten"
        ]
    }
},
{
    "model": "album.sticker",
    "pk": 46,
    "fields": {
        "number": 17,
        "team": 4,
        "owner": [
            "kersten"
        ]
    }
},
{
    "model": "album.sticker",
    "pk": 47,
    "fields": {
        "number": 4,
        "team": 5,
        "owner": [
            "kersten"
        ]
    }
},
{
    "model": "album.sticker",
    "pk": 48,
    "fields": {
        "number": 5,
        "team": 5,
        "owner": [
            "kersten"
        ]
    }
},
{
    "model": "album.sticker",
    "pk": 49,
    "fields": {
        "number": 13,
        "team": 5,
        "owner": [
            "kersten"
        ]
    }
},
{
    "model": "album.sticker",
    "pk": 50,
    "fields": {
        "number": 15,
        "team": 5,
        "owner": [
            "kersten"
        ]
    }
},
{
    "model": "album.sticker",
    "pk": 51,
    "fields": {
        "number": 16,
        "team": 5,
        "owner": [
            "kersten"
        ]
    }
},
{
    "model": "album.sticker",
    "pk": 52,
    "fields": {
        "number": 18,
        "team": 5,
        "owner": [
            "kersten"
        ]
    }
},
{
    "model": "album.sticker",
    "pk": 53,
    "fields": {
        "number": 2,
        "team": 6,
        "owner": [
            "kersten"
        ]
    }
},
{
    "model": "album.sticker",
    "pk": 54,
    "fields": {
        "number": 5,
        "team": 6,
        "owner": [
            "kersten"
        ]
    }
},
{
    "model": "album.sticker",
    "pk": 55,
    "fields": {
        "number": 10,
        "team": 6,
        "owner": [
            "kersten"
        ]
    }
},
{
    "model": "album.sticker",
    "pk": 56,
    "fields": {
        "number": 13,
        "team": 6,
        "owner": [
            "kersten"
        ]
    }
},
{
    "model": "album.sticker",
    "pk": 57,
    "fields": {
        "number": 14,
        "team": 6,
        "owner": [
            "kersten"
        ]
    }
},
{
    "model": "album.sticker",
    "pk": 58,
    "fields": {
        "number": 18,
        "team": 6,
        "owner": [
            "kersten"
        ]
    }
},
{
    "model": "album.sticker",
    "pk": 59,
    "fields": {
        "number": 3,
        "team": 7,
        "owner": [
            "kersten"
        ]
    }
},
{
    "model": "album.sticker",
    "pk": 60,
    "fields": {
        "number": 5,
        "team": 7,
        "owner": [
            "kersten"
        ]
    }
},
{
    "model": "album.sticker",
    "pk": 61,
    "fields": {
        "number": 18,
        "team": 7,
        "owner": [
            "kersten"
        ]
    }
},
{
    "model": "album.sticker",
    "pk": 62,
    "fields": {
        "number": 19,
        "team": 7,
        "owner": [
            "kersten"
        ]
    }
},
{
    "model": "album.sticker",
    "pk": 63,
    "fields": {
        "number": 4,
        "team": 8,
        "owner": [
            "kersten"
        ]
    }
},
{
    "model": "album.sticker",
    "pk": 64,
    "fields": {
        "number": 5,
        "team": 8,
        "owner": [
            "kersten"
        ]
    }
},
{
    "model": "album.sticker",
    "pk": 65,
    "fields": {
        "number": 6,
        "team": 8,
        "owner": [
            "kersten"
        ]
    }
},
{
    "model": "album.sticker",
    "pk": 66,
    "fields": {
        "number": 9,
        "team": 8,
        "owner": [
            "kersten"
        ]
    }
},
{
    "model": "album.sticker",
    "pk": 67,
    "fields": {
        "number": 10,
        "team": 8,
        "owner": [
            "kersten"
        ]
    }
},
{
    "model": "album.sticker",
    "pk": 68,
    "fields": {
        "number": 12,
        "team": 8,
        "owner": [
            "kersten"
        ]
    }
},
{
    "model": "album.sticker",
    "pk": 69,
    "fields": {
        "number": 14,
        "team": 8,
        "owner": [
            "kersten"
        ]
    }
},
{
    "model": "album.sticker",
    "pk": 70,
    "fields": {
        "number": 1,
        "team": 9,
        "owner": [
            "kersten"
        ]
    }
},
{
    "model": "album.sticker",
    "pk": 71,
    "fields": {
        "number": 6,
        "team": 9,
        "owner": [
            "kersten"
        ]
    }
},
{
    "model": "album.sticker",
    "pk": 72,
    "fields": {
        "number": 12,
        "team": 9,
        "owner": [
            "kersten"
        ]
    }
},
{
    "model": "album.sticker",
    "pk": 73,
    "fields": {
        "number": 13,
        "team": 9,
        "owner": [
            "kersten"
        ]
    }
},
{
    "model": "album.sticker",
    "pk": 74,
    "fields": {
        "number": 2,
        "team": 10,
        "owner": [
            "kersten"
        ]
    }
},
{
    "model": "album.sticker",
    "pk": 75,
    "fields": {
        "number": 7,
        "team": 10,
        "owner": [
            "kersten"
        ]
    }
},
{
    "model": "album.sticker",
    "pk": 76,
    "fields": {
        "number": 8,
        "team": 10,
        "owner": [
            "kersten"
        ]
    }
},
{
    "model": "album.sticker",
    "pk": 77,
    "fields": {
        "number": 10,
        "team": 10,
        "owner": [
            "kersten"
        ]
    }
},
{
    "model": "album.sticker",
    "pk": 78,
    "fields": {
        "number": 11,
        "team": 10,
        "owner": [
            "kersten"
        ]
    }
},
{
    "model": "album.sticker",
    "pk": 79,
    "fields": {
        "number": 12,
        "team": 10,
        "owner": [
            "kersten"
        ]
    }
},
{
    "model": "album.sticker",
    "pk": 80,
    "fields": {
        "number": 17,
        "team": 10,
        "owner": [
            "kersten"
        ]
    }
},
{
    "model": "album.sticker",
    "pk": 81,
    "fields": {
        "number": 4,
        "team": 11,
        "owner": [
            "kersten"
        ]
    }
},
{
    "model": "album.sticker",
    "pk": 82,
    "fields": {
        "number": 8,
        "team": 11,
        "owner": [
            "kersten"
        ]
    }
},
{
    "model": "album.sticker",
    "pk": 83,
    "fields": {
        "number": 10,
        "team": 11,
        "owner": [
            "kersten"
        ]
    }
},
{
    "model": "album.sticker",
    "pk": 84,
    "fields": {
        "number": 11,
        "team": 11,
        "owner": [
            "kersten"
        ]
    }
},
{
    "model": "album.sticker",
    "pk": 85,
    "fields": {
        "number": 13,
        "team": 11,
        "owner": [
            "kersten"
        ]
    }
},
{
    "model": "album.sticker",
    "pk": 86,
    "fields": {
        "number": 17,
        "team": 11,
        "owner": [
            "kersten"
        ]
    }
},
{
    "model": "album.sticker",
    "pk": 87,
    "fields": {
        "number": 19,
        "team": 11,
        "owner": [
            "kersten"
        ]
    }
},
{
    "model": "album.sticker",
    "pk": 88,
    "fields": {
        "number": 2,
        "team": 12,
        "owner": [
            "kersten"
        ]
    }
},
{
    "model": "album.sticker",
    "pk": 89,
    "fields": {
        "number": 3,
        "team": 12,
        "owner": [
            "kersten"
        ]
    }
},
{
    "model": "album.sticker",
    "pk": 90,
    "fields": {
        "number": 6,
        "team": 12,
        "owner": [
            "kersten"
        ]
    }
},
{
    "model": "album.sticker",
    "pk": 91,
    "fields": {
        "number": 9,
        "team": 12,
        "owner": [
            "kersten"
        ]
    }
},
{
    "model": "album.sticker",
    "pk": 92,
    "fields": {
        "number": 11,
        "team": 12,
        "owner": [
            "kersten"
        ]
    }
},
{
    "model": "album.sticker",
    "pk": 93,
    "fields": {
        "number": 12,
        "team": 12,
        "owner": [
            "kersten"
        ]
    }
},
{
    "model": "album.sticker",
    "pk": 94,
    "fields": {
        "number": 15,
        "team": 12,
        "owner": [
            "kersten"
        ]
    }
},
{
    "model": "album.sticker",
    "pk": 95,
    "fields": {
        "number": 3,
        "team": 13,
        "owner": [
            "kersten"
        ]
    }
},
{
    "model": "album.sticker",
    "pk": 96,
    "fields": {
        "number": 8,
        "team": 13,
        "owner": [
            "kersten"
        ]
    }
},
{
    "model": "album.sticker",
    "pk": 97,
    "fields": {
        "number": 9,
        "team": 13,
        "owner": [
            "kersten"
        ]
    }
},
{
    "model": "album.sticker",
    "pk": 98,
    "fields": {
        "number": 10,
        "team": 13,
        "owner": [
            "kersten"
        ]
    }
},
{
    "model": "album.sticker",
    "pk": 99,
    "fields": {
        "number": 12,
        "team": 13,
        "owner": [
            "kersten"
        ]
    }
},
{
    "model": "album.sticker",
    "pk": 100,
    "fields": {
        "number": 18,
        "team": 13,
        "owner": [
            "kersten"
        ]
    }
},
{
    "model": "album.sticker",
    "pk": 101,
    "fields": {
        "number": 19,
        "team": 13,
        "owner": [
            "kersten"
        ]
    }
},
{
    "model": "album.sticker",
    "pk": 102,
    "fields": {
        "number": 6,
        "team": 14,
        "owner": [
            "kersten"
        ]
    }
},
{
    "model": "album.sticker",
    "pk": 103,
    "fields": {
        "number": 7,
        "team": 14,
        "owner": [
            "kersten"
        ]
    }
},
{
    "model": "album.sticker",
    "pk": 104,
    "fields": {
        "number": 8,
        "team": 14,
        "owner": [
            "kersten"
        ]
    }
},
{
    "model": "album.sticker",
    "pk": 105,
    "fields": {
        "number": 13,
        "team": 14,
        "owner": [
            "kersten"
        ]
    }
},
{
    "model": "album.sticker",
    "pk": 106,
    "fields": {
        "number": 14,
        "team": 14,
        "owner": [
            "kersten"
        ]
    }
},
{
    "model": "album.sticker",
    "pk": 107,
    "fields": {
        "number": 16,
        "team": 14,
        "owner": [
            "kersten"
        ]
    }
},
{
    "model": "album.sticker",
    "pk": 108,
    "fields": {
        "number": 19,
        "team": 14,
        "owner": [
            "kersten"
        ]
    }
},
{
    "model": "album.sticker",
    "pk": 109,
    "fields": {
        "number": 5,
        "team": 15,
        "owner": [
            "kersten"
        ]
    }
},
{
    "model": "album.sticker",
    "pk": 110,
    "fields": {
        "number": 6,
        "team": 15,
        "owner": [
            "kersten"
        ]
    }
},
{
    "model": "album.sticker",
    "pk": 111,
    "fields": {
        "number": 10,
        "team": 15,
        "owner": [
            "kersten"
        ]
    }
},
{
    "model": "album.sticker",
    "pk": 112,
    "fields": {
        "number": 11,
        "team": 15,
        "owner": [
            "kersten"
        ]
    }
},
{
    "model": "album.sticker",
    "pk": 113,
    "fields": {
        "number": 12,
        "team": 15,
        "owner": [
            "kersten"
        ]
    }
},
{
    "model": "album.sticker",
    "pk": 114,
    "fields": {
        "number": 15,
        "team": 15,
        "owner": [
            "kersten"
        ]
    }
},
{
    "model": "album.sticker",
    "pk": 116,
    "fields": {
        "number": 3,
        "team": 16,
        "owner": [
            "kersten"
        ]
    }
},
{
    "model": "album.sticker",
    "pk": 117,
    "fields": {
        "number": 6,
        "team": 16,
        "owner": [
            "kersten"
        ]
    }
},
{
    "model": "album.sticker",
    "pk": 118,
    "fields": {
        "number": 8,
        "team": 16,
        "owner": [
            "kersten"
        ]
    }
},
{
    "model": "album.sticker",
    "pk": 119,
    "fields": {
        "number": 13,
        "team": 16,
        "owner": [
            "kersten"
        ]
    }
},
{
    "model": "album.sticker",
    "pk": 120,
    "fields": {
        "number": 14,
        "team": 16,
        "owner": [
            "kersten"
        ]
    }
},
{
    "model": "album.sticker",
    "pk": 121,
    "fields": {
        "number": 16,
        "team": 16,
        "owner": [
            "kersten"
        ]
    }
},
{
    "model": "album.sticker",
    "pk": 122,
    "fields": {
        "number": 19,
        "team": 16,
        "owner": [
            "kersten"
        ]
    }
},
{
    "model": "album.sticker",
    "pk": 123,
    "fields": {
        "number": 4,
        "team": 17,
        "owner": [
            "kersten"
        ]
    }
},
{
    "model": "album.sticker",
    "pk": 124,
    "fields": {
        "number": 7,
        "team": 17,
        "owner": [
            "kersten"
        ]
    }
},
{
    "model": "album.sticker",
    "pk": 125,
    "fields": {
        "number": 8,
        "team": 17,
        "owner": [
            "kersten"
        ]
    }
},
{
    "model": "album.sticker",
    "pk": 126,
    "fields": {
        "number": 9,
        "team": 17,
        "owner": [
            "kersten"
        ]
    }
},
{
    "model": "album.sticker",
    "pk": 127,
    "fields": {
        "number": 11,
        "team": 17,
        "owner": [
            "kersten"
        ]
    }
},
{
    "model": "album.sticker",
    "pk": 128,
    "fields": {
        "number": 12,
        "team": 17,
        "owner": [
            "kersten"
        ]
    }
},
{
    "model": "album.sticker",
    "pk": 129,
    "fields": {
        "number": 14,
        "team": 17,
        "owner": [
            "kersten"
        ]
    }
},
{
    "model": "album.sticker",
    "pk": 130,
    "fields": {
        "number": 16,
        "team": 17,
        "owner": [
            "kersten"
        ]
    }
},
{
    "model": "album.sticker",
    "pk": 131,
    "fields": {
        "number": 2,
        "team": 18,
        "owner": [
            "kersten"
        ]
    }
},
{
    "model": "album.sticker",
    "pk": 132,
    "fields": {
        "number": 5,
        "team": 18,
        "owner": [
            "kersten"
        ]
    }
},
{
    "model": "album.sticker",
    "pk": 133,
    "fields": {
        "number": 8,
        "team": 18,
        "owner": [
            "kersten"
        ]
    }
},
{
    "model": "album.sticker",
    "pk": 134,
    "fields": {
        "number": 9,
        "team": 18,
        "owner": [
            "kersten"
        ]
    }
},
{
    "model": "album.sticker",
    "pk": 135,
    "fields": {
        "number": 11,
        "team": 18,
        "owner": [
            "kersten"
        ]
    }
},
{
    "model": "album.sticker",
    "pk": 136,
    "fields": {
        "number": 14,
        "team": 18,
        "owner": [
            "kersten"
        ]
    }
},
{
    "model": "album.sticker",
    "pk": 137,
    "fields": {
        "number": 1,
        "team": 19,
        "owner": [
            "kersten"
        ]
    }
},
{
    "model": "album.sticker",
    "pk": 138,
    "fields": {
        "number": 3,
        "team": 19,
        "owner": [
            "kersten"
        ]
    }
},
{
    "model": "album.sticker",
    "pk": 139,
    "fields": {
        "number": 4,
        "team": 19,
        "owner": [
            "kersten"
        ]
    }
},
{
    "model": "album.sticker",
    "pk": 140,
    "fields": {
        "number": 6,
        "team": 19,
        "owner": [
            "kersten"
        ]
    }
},
{
    "model": "album.sticker",
    "pk": 141,
    "fields": {
        "number": 8,
        "team": 19,
        "owner": [
            "kersten"
        ]
    }
},
{
    "model": "album.sticker",
    "pk": 142,
    "fields": {
        "number": 11,
        "team": 19,
        "owner": [
            "kersten"
        ]
    }
},
{
    "model": "album.sticker",
    "pk": 143,
    "fields": {
        "number": 15,
        "team": 19,
        "owner": [
            "kersten"
        ]
    }
},
{
    "model": "album.sticker",
    "pk": 144,
    "fields": {
        "number": 17,
        "team": 19,
        "owner": [
            "kersten"
        ]
    }
},
{
    "model": "album.sticker",
    "pk": 145,
    "fields": {
        "number": 2,
        "team": 20,
        "owner": [
            "kersten"
        ]
    }
},
{
    "model": "album.sticker",
    "pk": 146,
    "fields": {
        "number": 5,
        "team": 20,
        "owner": [
            "kersten"
        ]
    }
},
{
    "model": "album.sticker",
    "pk": 147,
    "fields": {
        "number": 10,
        "team": 20,
        "owner": [
            "kersten"
        ]
    }
},
{
    "model": "album.sticker",
    "pk": 148,
    "fields": {
        "number": 11,
        "team": 20,
        "owner": [
            "kersten"
        ]
    }
},
{
    "model": "album.sticker",
    "pk": 149,
    "fields": {
        "number": 13,
        "team": 20,
        "owner": [
            "kersten"
        ]
    }
},
{
    "model": "album.sticker",
    "pk": 150,
    "fields": {
        "number": 14,
        "team": 20,
        "owner": [
            "kersten"
        ]
    }
},
{
    "model": "album.sticker",
    "pk": 151,
    "fields": {
        "number": 15,
        "team": 20,
        "owner": [
            "kersten"
        ]
    }
},
{
    "model": "album.sticker",
    "pk": 152,
    "fields": {
        "number": 1,
        "team": 21,
        "owner": [
            "kersten"
        ]
    }
},
{
    "model": "album.sticker",
    "pk": 153,
    "fields": {
        "number": 9,
        "team": 21,
        "owner": [
            "kersten"
        ]
    }
},
{
    "model": "album.sticker",
    "pk": 154,
    "fields": {
        "number": 10,
        "team": 21,
        "owner": [
            "kersten"
        ]
    }
},
{
    "model": "album.sticker",
    "pk": 155,
    "fields": {
        "number": 11,
        "team": 21,
        "owner": [
            "kersten"
        ]
    }
},
{
    "model": "album.sticker",
    "pk": 156,
    "fields": {
        "number": 13,
        "team": 21,
        "owner": [
            "kersten"
        ]
    }
},
{
    "model": "album.sticker",
    "pk": 157,
    "fields": {
        "number": 16,
        "team": 21,
        "owner": [
            "kersten"
        ]
    }
},
{
    "model": "album.sticker",
    "pk": 158,
    "fields": {
        "number": 18,
        "team": 21,
        "owner": [
            "kersten"
        ]
    }
},
{
    "model": "album.sticker",
    "pk": 159,
    "fields": {
        "number": 3,
        "team": 22,
        "owner": [
            "kersten"
        ]
    }
},
{
    "model": "album.sticker",
    "pk": 160,
    "fields": {
        "number": 4,
        "team": 22,
        "owner": [
            "kersten"
        ]
    }
},
{
    "model": "album.sticker",
    "pk": 161,
    "fields": {
        "number": 8,
        "team": 22,
        "owner": [
            "kersten"
        ]
    }
},
{
    "model": "album.sticker",
    "pk": 162,
    "fields": {
        "number": 10,
        "team": 22,
        "owner": [
            "kersten"
        ]
    }
},
{
    "model": "album.sticker",
    "pk": 163,
    "fields": {
        "number": 18,
        "team": 22,
        "owner": [
            "kersten"
        ]
    }
},
{
    "model": "album.sticker",
    "pk": 164,
    "fields": {
        "number": 19,
        "team": 22,
        "owner": [
            "kersten"
        ]
    }
},
{
    "model": "album.sticker",
    "pk": 165,
    "fields": {
        "number": 4,
        "team": 23,
        "owner": [
            "kersten"
        ]
    }
},
{
    "model": "album.sticker",
    "pk": 166,
    "fields": {
        "number": 7,
        "team": 23,
        "owner": [
            "kersten"
        ]
    }
},
{
    "model": "album.sticker",
    "pk": 167,
    "fields": {
        "number": 8,
        "team": 23,
        "owner": [
            "kersten"
        ]
    }
},
{
    "model": "album.sticker",
    "pk": 168,
    "fields": {
        "number": 9,
        "team": 23,
        "owner": [
            "kersten"
        ]
    }
},
{
    "model": "album.sticker",
    "pk": 169,
    "fields": {
        "number": 13,
        "team": 23,
        "owner": [
            "kersten"
        ]
    }
},
{
    "model": "album.sticker",
    "pk": 170,
    "fields": {
        "number": 15,
        "team": 23,
        "owner": [
            "kersten"
        ]
    }
},
{
    "model": "album.sticker",
    "pk": 171,
    "fields": {
        "number": 17,
        "team": 23,
        "owner": [
            "kersten"
        ]
    }
},
{
    "model": "album.sticker",
    "pk": 172,
    "fields": {
        "number": 2,
        "team": 24,
        "owner": [
            "kersten"
        ]
    }
},
{
    "model": "album.sticker",
    "pk": 173,
    "fields": {
        "number": 5,
        "team": 24,
        "owner": [
            "kersten"
        ]
    }
},
{
    "model": "album.sticker",
    "pk": 174,
    "fields": {
        "number": 6,
        "team": 24,
        "owner": [
            "kersten"
        ]
    }
},
{
    "model": "album.sticker",
    "pk": 175,
    "fields": {
        "number": 15,
        "team": 24,
        "owner": [
            "kersten"
        ]
    }
},
{
    "model": "album.sticker",
    "pk": 176,
    "fields": {
        "number": 16,
        "team": 24,
        "owner": [
            "kersten"
        ]
    }
},
{
    "model": "album.sticker",
    "pk": 177,
    "fields": {
        "number": 17,
        "team": 24,
        "owner": [
            "kersten"
        ]
    }
},
{
    "model": "album.sticker",
    "pk": 178,
    "fields": {
        "number": 18,
        "team": 24,
        "owner": [
            "kersten"
        ]
    }
},
{
    "model": "album.sticker",
    "pk": 179,
    "fields": {
        "number": 7,
        "team": 25,
        "owner": [
            "kersten"
        ]
    }
},
{
    "model": "album.sticker",
    "pk": 180,
    "fields": {
        "number": 12,
        "team": 25,
        "owner": [
            "kersten"
        ]
    }
},
{
    "model": "album.sticker",
    "pk": 181,
    "fields": {
        "number": 14,
        "team": 25,
        "owner": [
            "kersten"
        ]
    }
},
{
    "model": "album.sticker",
    "pk": 182,
    "fields": {
        "number": 16,
        "team": 25,
        "owner": [
            "kersten"
        ]
    }
},
{
    "model": "album.sticker",
    "pk": 183,
    "fields": {
        "number": 5,
        "team": 26,
        "owner": [
            "kersten"
        ]
    }
},
{
    "model": "album.sticker",
    "pk": 184,
    "fields": {
        "number": 8,
        "team": 26,
        "owner": [
            "kersten"
        ]
    }
},
{
    "model": "album.sticker",
    "pk": 185,
    "fields": {
        "number": 15,
        "team": 26,
        "owner": [
            "kersten"
        ]
    }
},
{
    "model": "album.sticker",
    "pk": 186,
    "fields": {
        "number": 16,
        "team": 26,
        "owner": [
            "kersten"
        ]
    }
},
{
    "model": "album.sticker",
    "pk": 187,
    "fields": {
        "number": 2,
        "team": 27,
        "owner": [
            "kersten"
        ]
    }
},
{
    "model": "album.sticker",
    "pk": 188,
    "fields": {
        "number": 3,
        "team": 27,
        "owner": [
            "kersten"
        ]
    }
},
{
    "model": "album.sticker",
    "pk": 189,
    "fields": {
        "number": 4,
        "team": 27,
        "owner": [
            "kersten"
        ]
    }
},
{
    "model": "album.sticker",
    "pk": 190,
    "fields": {
        "number": 7,
        "team": 27,
        "owner": [
            "kersten"
        ]
    }
},
{
    "model": "album.sticker",
    "pk": 191,
    "fields": {
        "number": 11,
        "team": 27,
        "owner": [
            "kersten"
        ]
    }
},
{
    "model": "album.sticker",
    "pk": 192,
    "fields": {
        "number": 19,
        "team": 27,
        "owner": [
            "kersten"
        ]
    }
},
{
    "model": "album.sticker",
    "pk": 193,
    "fields": {
        "number": 7,
        "team": 28,
        "owner": [
            "kersten"
        ]
    }
},
{
    "model": "album.sticker",
    "pk": 194,
    "fields": {
        "number": 11,
        "team": 28,
        "owner": [
            "kersten"
        ]
    }
},
{
    "model": "album.sticker",
    "pk": 195,
    "fields": {
        "number": 12,
        "team": 28,
        "owner": [
            "kersten"
        ]
    }
},
{
    "model": "album.sticker",
    "pk": 196,
    "fields": {
        "number": 16,
        "team": 28,
        "owner": [
            "kersten"
        ]
    }
},
{
    "model": "album.sticker",
    "pk": 197,
    "fields": {
        "number": 7,
        "team": 29,
        "owner": [
            "kersten"
        ]
    }
},
{
    "model": "album.sticker",
    "pk": 198,
    "fields": {
        "number": 9,
        "team": 29,
        "owner": [
            "kersten"
        ]
    }
},
{
    "model": "album.sticker",
    "pk": 199,
    "fields": {
        "number": 13,
        "team": 29,
        "owner": [
            "kersten"
        ]
    }
},
{
    "model": "album.sticker",
    "pk": 200,
    "fields": {
        "number": 15,
        "team": 29,
        "owner": [
            "kersten"
        ]
    }
},
{
    "model": "album.sticker",
    "pk": 201,
    "fields": {
        "number": 16,
        "team": 29,
        "owner": [
            "kersten"
        ]
    }
},
{
    "model": "album.sticker",
    "pk": 202,
    "fields": {
        "number": 19,
        "team": 29,
        "owner": [
            "kersten"
        ]
    }
},
{
    "model": "album.sticker",
    "pk": 203,
    "fields": {
        "number": 2,
        "team": 30,
        "owner": [
            "kersten"
        ]
    }
},
{
    "model": "album.sticker",
    "pk": 204,
    "fields": {
        "number": 4,
        "team": 30,
        "owner": [
            "kersten"
        ]
    }
},
{
    "model": "album.sticker",
    "pk": 205,
    "fields": {
        "number": 5,
        "team": 30,
        "owner": [
            "kersten"
        ]
    }
},
{
    "model": "album.sticker",
    "pk": 206,
    "fields": {
        "number": 6,
        "team": 30,
        "owner": [
            "kersten"
        ]
    }
},
{
    "model": "album.sticker",
    "pk": 207,
    "fields": {
        "number": 7,
        "team": 30,
        "owner": [
            "kersten"
        ]
    }
},
{
    "model": "album.sticker",
    "pk": 208,
    "fields": {
        "number": 9,
        "team": 30,
        "owner": [
            "kersten"
        ]
    }
},
{
    "model": "album.sticker",
    "pk": 209,
    "fields": {
        "number": 10,
        "team": 30,
        "owner": [
            "kersten"
        ]
    }
},
{
    "model": "album.sticker",
    "pk": 210,
    "fields": {
        "number": 17,
        "team": 30,
        "owner": [
            "kersten"
        ]
    }
},
{
    "model": "album.sticker",
    "pk": 211,
    "fields": {
        "number": 2,
        "team": 31,
        "owner": [
            "kersten"
        ]
    }
},
{
    "model": "album.sticker",
    "pk": 212,
    "fields": {
        "number": 7,
        "team": 31,
        "owner": [
            "kersten"
        ]
    }
},
{
    "model": "album.sticker",
    "pk": 213,
    "fields": {
        "number": 14,
        "team": 31,
        "owner": [
            "kersten"
        ]
    }
},
{
    "model": "album.sticker",
    "pk": 214,
    "fields": {
        "number": 1,
        "team": 32,
        "owner": [
            "kersten"
        ]
    }
},
{
    "model": "album.sticker",
    "pk": 215,
    "fields": {
        "number": 2,
        "team": 32,
        "owner": [
            "kersten"
        ]
    }
},
{
    "model": "album.sticker",
    "pk": 216,
    "fields": {
        "number": 3,
        "team": 32,
        "owner": [
            "kersten"
        ]
    }
},
{
    "model": "album.sticker",
    "pk": 217,
    "fields": {
        "number": 11,
        "team": 32,
        "owner": [
            "kersten"
        ]
    }
},
{
    "model": "album.sticker",
    "pk": 218,
    "fields": {
        "number": 13,
        "team": 32,
        "owner": [
            "kersten"
        ]
    }
},
{
    "model": "album.sticker",
    "pk": 219,
    "fields": {
        "number": 17,
        "team": 32,
        "owner": [
            "kersten"
        ]
    }
},
{
    "model": "album.sticker",
    "pk": 220,
    "fields": {
        "number": 25,
        "team": 33,
        "owner": [
            "kersten"
        ]
    }
},
{
    "model": "album.sticker",
    "pk": 221,
    "fields": {
        "number": 28,
        "team": 33,
        "owner": [
            "kersten"
        ]
    }
},
{
    "model": "album.sticker",
    "pk": 223,
    "fields": {
        "number": 2,
        "team": 1,
        "owner": [
            "kersten"
        ]
    }
},
{
    "model": "album.sticker",
    "pk": 224,
    "fields": {
        "number": 19,
        "team": 1,
        "owner": [
            "kersten"
        ]
    }
},
{
    "model": "album.sticker",
    "pk": 225,
    "fields": {
        "number": 16,
        "team": 1,
        "owner": [
            "kersten"
        ]
    }
},
{
    "model": "album.sticker",
    "pk": 226,
    "fields": {
        "number": 15,
        "team": 1,
        "owner": [
            "kersten"
        ]
    }
},
{
    "model": "album.sticker",
    "pk": 227,
    "fields": {
        "number": 5,
        "team": 1,
        "owner": [
            "kersten"
        ]
    }
},
{
    "model": "album.sticker",
    "pk": 228,
    "fields": {
        "number": 4,
        "team": 1,
        "owner": [
            "kersten"
        ]
    }
},
{
    "model": "album.sticker",
    "pk": 229,
    "fields": {
        "number": 3,
        "team": 1,
        "owner": [
            "kersten"
        ]
    }
},
{
    "model": "album.sticker",
    "pk": 230,
    "fields": {
        "number": 14,
        "team": 2,
        "owner": [
            "kersten"
        ]
    }
},
{
    "model": "album.sticker",
    "pk": 231,
    "fields": {
        "number": 12,
        "team": 2,
        "owner": [
            "kersten"
        ]
    }
},
{
    "model": "album.sticker",
    "pk": 232,
    "fields": {
        "number": 9,
        "team": 2,
        "owner": [
            "kersten"
        ]
    }
},
{
    "model": "album.sticker",
    "pk": 233,
    "fields": {
        "number": 3,
        "team": 2,
        "owner": [
            "kersten"
        ]
    }
},
{
    "model": "album.sticker",
    "pk": 234,
    "fields": {
        "number": 12,
        "team": 3,
        "owner": [
            "kersten"
        ]
    }
},
{
    "model": "album.sticker",
    "pk": 235,
    "fields": {
        "number": 13,
        "team": 3,
        "owner": [
            "kersten"
        ]
    }
},
{
    "model": "album.sticker",
    "pk": 236,
    "fields": {
        "number": 3,
        "team": 3,
        "owner": [
            "kersten"
        ]
    }
},
{
    "model": "album.sticker",
    "pk": 237,
    "fields": {
        "number": 1,
        "team": 4,
        "owner": [
            "kersten"
        ]
    }
},
{
    "model": "album.sticker",
    "pk": 238,
    "fields": {
        "number": 10,
        "team": 4,
        "owner": [
            "kersten"
        ]
    }
},
{
    "model": "album.sticker",
    "pk": 239,
    "fields": {
        "number": 9,
        "team": 4,
        "owner": [
            "kersten"
        ]
    }
}
]
