[{"model": "album.group", "pk": 1, "fields": {"name": "A", "sort_order": 0}}, {"model": "album.group", "pk": 2, "fields": {"name": "B", "sort_order": 1}}, {"model": "album.group", "pk": 3, "fields": {"name": "C", "sort_order": 2}}, {"model": "album.group", "pk": 4, "fields": {"name": "D", "sort_order": 3}}, {"model": "album.group", "pk": 5, "fields": {"name": "E", "sort_order": 4}}, {"model": "album.group", "pk": 6, "fields": {"name": "F", "sort_order": 5}}, {"model": "album.group", "pk": 7, "fields": {"name": "G", "sort_order": 6}}, {"model": "album.group", "pk": 8, "fields": {"name": "H", "sort_order": 7}}, {"model": "album.group", "pk": 9, "fields": {"name": "Extras", "sort_order": 8}}, {"model": "album.team", "pk": 1, "fields": {"name": "Qatar", "code": "QAT", "flag": "qa", "sticker_max": 19, "group": 1, "sort_order": 0, "starting_number": 1}}, {"model": "album.team", "pk": 2, "fields": {"name": "Ecuador", "code": "ECU", "flag": "ec", "sticker_max": 19, "group": 1, "sort_order": 0, "starting_number": 1}}, {"model": "album.team", "pk": 3, "fields": {"name": "Senegal", "code": "SEN", "flag": "sn", "sticker_max": 19, "group": 1, "sort_order": 0, "starting_number": 1}}, {"model": "album.team", "pk": 4, "fields": {"name": "Holanda", "code": "NED", "flag": "nl", "sticker_max": 19, "group": 1, "sort_order": 0, "starting_number": 1}}, {"model": "album.team", "pk": 5, "fields": {"name": "Inglaterra", "code": "ENG", "flag": "gb-eng", "sticker_max": 19, "group": 2, "sort_order": 0, "starting_number": 1}}, {"model": "album.team", "pk": 6, "fields": {"name": "Irán", "code": "IRN", "flag": "ir", "sticker_max": 19, "group": 2, "sort_order": 0, "starting_number": 1}}, {"model": "album.team", "pk": 7, "fields": {"name": "Estados Unidos", "code": "USA", "flag": "us", "sticker_max": 19, "group": 2, "sort_order": 0, "starting_number": 1}}, {"model": "album.team", "pk": 8, "fields": {"name": "Gales", "code": "WAL", "flag": "gb-wls", "sticker_max": 19, "group": 2, "sort_order": 0, "starting_number": 1}}, {"model": "album.team", "pk": 9, "fields": {"name": "Argentina", "code": "ARG", "flag": "ar", "sticker_max": 19, "group": 3, "sort_order": 0, "starting_number": 1}}, {"model": "album.team", "pk": 10, "fields": {"name": "Arabia Saudita", "code": "KSA", "flag": "sa", "sticker_max": 19, "group": 3, "sort_order": 0, "starting_number": 1}}, {"model": "album.team", "pk": 11, "fields": {"name": "México", "code": "MEX", "flag": "mx", "sticker_max": 19, "group": 3, "sort_order": 0, "starting_number": 1}}, {"model": "album.team", "pk": 12, "fields": {"name": "Polonia", "code": "POL", "flag": "pl", "sticker_max": 19, "group": 3, "sort_order": 0, "starting_number": 1}}, {"model": "album.team", "pk": 13, "fields": {"name": "Francia", "code": "FRA", "flag": "fr", "sticker_max": 19, "group": 4, "sort_order": 0, "starting_number": 1}}, {"model": "album.team", "pk": 14, "fields": {"name": "Australia", "code": "AUS", "flag": "au", "sticker_max": 19, "group": 4, "sort_order": 0, "starting_number": 1}}, {"model": "album.team", "pk": 15, "fields": {"name": "Dinamarca", "code": "DEN", "flag": "dk", "sticker_max": 19, "group": 4, "sort_order": 0, "starting_number": 1}}, {"model": "album.team", "pk": 16, "fields": {"name": "Túnez", "code": "TUN", "flag": "tn", "sticker_max": 19, "group": 4, "sort_order": 0, "starting_number": 1}}, {"model": "album.team", "pk": 17, "fields": {"name": "España", "code": "ESP", "flag": "es", "sticker_max": 19, "group": 5, "sort_order": 0, "starting_number": 1}}, {"model": "album.team", "pk": 18, "fields": {"name": "Costa Rica", "code": "CRC", "flag": "cr", "sticker_max": 19, "group": 5, "sort_order": 0, "starting_number": 1}}, {"model": "album.team", "pk": 19, "fields": {"name": "Alemania", "code": "GER", "flag": "de", "sticker_max": 19, "group": 5, "sort_order": 0, "starting_number": 1}}, {"model": "album.team", "pk": 20, "fields": {"name": "Japón", "code": "JPN", "flag": "jp", "sticker_max": 19, "group": 5, "sort_order": 0, "starting_number": 1}}, {"model": "album.team", "pk": 21, "fields": {"name": "Bélgica", "code": "BEL", "flag": "be", "sticker_max": 19, "group": 6, "sort_order": 0, "starting_number": 1}}, {"model": "album.team", "pk": 22, "fields": {"name": "Canadá", "code": "CAN", "flag": "ca", "sticker_max": 19, "group": 6, "sort_order": 0, "starting_number": 1}}, {"model": "album.team", "pk": 23, "fields": {"name": "Marruecos", "code": "MAR", "flag": "ma", "sticker_max": 19, "group": 6, "sort_order": 0, "starting_number": 1}}, {"model": "album.team", "pk": 24, "fields": {"name": "Croacia", "code": "CRO", "flag": "hr", "sticker_max": 19, "group": 6, "sort_order": 0, "starting_number": 1}}, {"model": "album.team", "pk": 25, "fields": {"name": "Brasil", "code": "BRA", "flag": "br", "sticker_max": 19, "group": 7, "sort_order": 0, "starting_number": 1}}, {"model": "album.team", "pk": 26, "fields": {"name": "Serbia", "code": "SER", "flag": "rs", "sticker_max": 19, "group": 7, "sort_order": 0, "starting_number": 1}}, {"model": "album.team", "pk": 27, "fields": {"name": "Suiza", "code": "SUI", "flag": "ch", "sticker_max": 19, "group": 7, "sort_order": 0, "starting_number": 1}}, {"model": "album.team", "pk": 28, "fields": {"name": "Camerún", "code": "CAM", "flag": "cm", "sticker_max": 19, "group": 7, "sort_order": 0, "starting_number": 1}}, {"model": "album.team", "pk": 29, "fields": {"name": "Portugal", "code": "POR", "flag": "pt", "sticker_max": 19, "group": 8, "sort_order": 0, "starting_number": 1}}, {"model": "album.team", "pk": 30, "fields": {"name": "Ghana", "code": "GHA", "flag": "gh", "sticker_max": 19, "group": 8, "sort_order": 0, "starting_number": 1}}, {"model": "album.team", "pk": 31, "fields": {"name": "Uruguay", "code": "URU", "flag": "uy", "sticker_max": 19, "group": 8, "sort_order": 0, "starting_number": 1}}, {"model": "album.team", "pk": 32, "fields": {"name": "Corea del Sur", "code": "KOR", "flag": "kr", "sticker_max": 19, "group": 8, "sort_order": 0, "starting_number": 1}}, {"model": "album.team", "pk": 33, "fields": {"name": "Estadios e Históricas", "code": "FWC", "flag": null, "sticker_max": 29, "group": 9, "sort_order": 0, "starting_number": 1}}, {"model": "album.team", "pk": 34, "fields": {"name": "Coca Cola", "code": "C", "flag": null, "sticker_max": 8, "group": 9, "sort_order": 0, "starting_number": 1}}, {"model": "album.team", "pk": 35, "fields": {"name": "Panini", "code": "P", "flag": null, "sticker_max": 1, "group": 9, "sort_order": 0, "starting_number": 0}}, {"model": "album.sticker", "pk": 14, "fields": {"number": 2, "team": 33}}, {"model": "album.sticker", "pk": 15, "fields": {"number": 6, "team": 33}}, {"model": "album.sticker", "pk": 16, "fields": {"number": 9, "team": 33}}, {"model": "album.sticker", "pk": 17, "fields": {"number": 10, "team": 33}}, {"model": "album.sticker", "pk": 18, "fields": {"number": 11, "team": 33}}, {"model": "album.sticker", "pk": 19, "fields": {"number": 13, "team": 33}}, {"model": "album.sticker", "pk": 20, "fields": {"number": 15, "team": 33}}, {"model": "album.sticker", "pk": 21, "fields": {"number": 16, "team": 33}}, {"model": "album.sticker", "pk": 22, "fields": {"number": 17, "team": 33}}, {"model": "album.sticker", "pk": 24, "fields": {"number": 6, "team": 1}}, {"model": "album.sticker", "pk": 25, "fields": {"number": 9, "team": 1}}, {"model": "album.sticker", "pk": 26, "fields": {"number": 10, "team": 1}}, {"model": "album.sticker", "pk": 27, "fields": {"number": 11, "team": 1}}, {"model": "album.sticker", "pk": 28, "fields": {"number": 14, "team": 1}}, {"model": "album.sticker", "pk": 29, "fields": {"number": 17, "team": 1}}, {"model": "album.sticker", "pk": 30, "fields": {"number": 2, "team": 2}}, {"model": "album.sticker", "pk": 31, "fields": {"number": 4, "team": 2}}, {"model": "album.sticker", "pk": 32, "fields": {"number": 6, "team": 2}}, {"model": "album.sticker", "pk": 33, "fields": {"number": 7, "team": 2}}, {"model": "album.sticker", "pk": 34, "fields": {"number": 10, "team": 2}}, {"model": "album.sticker", "pk": 35, "fields": {"number": 16, "team": 2}}, {"model": "album.sticker", "pk": 36, "fields": {"number": 17, "team": 2}}, {"model": "album.sticker", "pk": 37, "fields": {"number": 10, "team": 3}}, {"model": "album.sticker", "pk": 38, "fields": {"number": 11, "team": 3}}, {"model": "album.sticker", "pk": 39, "fields": {"number": 15, "team": 3}}, {"model": "album.sticker", "pk": 40, "fields": {"number": 16, "team": 3}}, {"model": "album.sticker", "pk": 41, "fields": {"number": 2, "team": 4}}, {"model": "album.sticker", "pk": 42, "fields": {"number": 4, "team": 4}}, {"model": "album.sticker", "pk": 43, "fields": {"number": 5, "team": 4}}, {"model": "album.sticker", "pk": 44, "fields": {"number": 6, "team": 4}}, {"model": "album.sticker", "pk": 45, "fields": {"number": 8, "team": 4}}, {"model": "album.sticker", "pk": 46, "fields": {"number": 17, "team": 4}}, {"model": "album.sticker", "pk": 47, "fields": {"number": 4, "team": 5}}, {"model": "album.sticker", "pk": 48, "fields": {"number": 5, "team": 5}}, {"model": "album.sticker", "pk": 49, "fields": {"number": 13, "team": 5}}, {"model": "album.sticker", "pk": 50, "fields": {"number": 15, "team": 5}}, {"model": "album.sticker", "pk": 51, "fields": {"number": 16, "team": 5}}, {"model": "album.sticker", "pk": 52, "fields": {"number": 18, "team": 5}}, {"model": "album.sticker", "pk": 53, "fields": {"number": 2, "team": 6}}, {"model": "album.sticker", "pk": 54, "fields": {"number": 5, "team": 6}}, {"model": "album.sticker", "pk": 55, "fields": {"number": 10, "team": 6}}, {"model": "album.sticker", "pk": 56, "fields": {"number": 13, "team": 6}}, {"model": "album.sticker", "pk": 57, "fields": {"number": 14, "team": 6}}, {"model": "album.sticker", "pk": 58, "fields": {"number": 18, "team": 6}}, {"model": "album.sticker", "pk": 59, "fields": {"number": 3, "team": 7}}, {"model": "album.sticker", "pk": 60, "fields": {"number": 5, "team": 7}}, {"model": "album.sticker", "pk": 61, "fields": {"number": 18, "team": 7}}, {"model": "album.sticker", "pk": 62, "fields": {"number": 19, "team": 7}}, {"model": "album.sticker", "pk": 63, "fields": {"number": 4, "team": 8}}, {"model": "album.sticker", "pk": 64, "fields": {"number": 5, "team": 8}}, {"model": "album.sticker", "pk": 65, "fields": {"number": 6, "team": 8}}, {"model": "album.sticker", "pk": 66, "fields": {"number": 9, "team": 8}}, {"model": "album.sticker", "pk": 67, "fields": {"number": 10, "team": 8}}, {"model": "album.sticker", "pk": 68, "fields": {"number": 12, "team": 8}}, {"model": "album.sticker", "pk": 69, "fields": {"number": 14, "team": 8}}, {"model": "album.sticker", "pk": 70, "fields": {"number": 1, "team": 9}}, {"model": "album.sticker", "pk": 71, "fields": {"number": 6, "team": 9}}, {"model": "album.sticker", "pk": 72, "fields": {"number": 12, "team": 9}}, {"model": "album.sticker", "pk": 73, "fields": {"number": 13, "team": 9}}, {"model": "album.sticker", "pk": 74, "fields": {"number": 2, "team": 10}}, {"model": "album.sticker", "pk": 75, "fields": {"number": 7, "team": 10}}, {"model": "album.sticker", "pk": 76, "fields": {"number": 8, "team": 10}}, {"model": "album.sticker", "pk": 77, "fields": {"number": 10, "team": 10}}, {"model": "album.sticker", "pk": 78, "fields": {"number": 11, "team": 10}}, {"model": "album.sticker", "pk": 79, "fields": {"number": 12, "team": 10}}, {"model": "album.sticker", "pk": 80, "fields": {"number": 17, "team": 10}}, {"model": "album.sticker", "pk": 81, "fields": {"number": 4, "team": 11}}, {"model": "album.sticker", "pk": 82, "fields": {"number": 8, "team": 11}}, {"model": "album.sticker", "pk": 83, "fields": {"number": 10, "team": 11}}, {"model": "album.sticker", "pk": 84, "fields": {"number": 11, "team": 11}}, {"model": "album.sticker", "pk": 85, "fields": {"number": 13, "team": 11}}, {"model": "album.sticker", "pk": 86, "fields": {"number": 17, "team": 11}}, {"model": "album.sticker", "pk": 87, "fields": {"number": 19, "team": 11}}, {"model": "album.sticker", "pk": 88, "fields": {"number": 2, "team": 12}}, {"model": "album.sticker", "pk": 89, "fields": {"number": 3, "team": 12}}, {"model": "album.sticker", "pk": 90, "fields": {"number": 6, "team": 12}}, {"model": "album.sticker", "pk": 91, "fields": {"number": 9, "team": 12}}, {"model": "album.sticker", "pk": 92, "fields": {"number": 11, "team": 12}}, {"model": "album.sticker", "pk": 93, "fields": {"number": 12, "team": 12}}, {"model": "album.sticker", "pk": 94, "fields": {"number": 15, "team": 12}}, {"model": "album.sticker", "pk": 95, "fields": {"number": 3, "team": 13}}, {"model": "album.sticker", "pk": 96, "fields": {"number": 8, "team": 13}}, {"model": "album.sticker", "pk": 97, "fields": {"number": 9, "team": 13}}, {"model": "album.sticker", "pk": 98, "fields": {"number": 10, "team": 13}}, {"model": "album.sticker", "pk": 99, "fields": {"number": 12, "team": 13}}, {"model": "album.sticker", "pk": 100, "fields": {"number": 18, "team": 13}}, {"model": "album.sticker", "pk": 101, "fields": {"number": 19, "team": 13}}, {"model": "album.sticker", "pk": 102, "fields": {"number": 6, "team": 14}}, {"model": "album.sticker", "pk": 103, "fields": {"number": 7, "team": 14}}, {"model": "album.sticker", "pk": 104, "fields": {"number": 8, "team": 14}}, {"model": "album.sticker", "pk": 105, "fields": {"number": 13, "team": 14}}, {"model": "album.sticker", "pk": 106, "fields": {"number": 14, "team": 14}}, {"model": "album.sticker", "pk": 107, "fields": {"number": 16, "team": 14}}, {"model": "album.sticker", "pk": 108, "fields": {"number": 19, "team": 14}}, {"model": "album.sticker", "pk": 109, "fields": {"number": 5, "team": 15}}, {"model": "album.sticker", "pk": 110, "fields": {"number": 6, "team": 15}}, {"model": "album.sticker", "pk": 111, "fields": {"number": 10, "team": 15}}, {"model": "album.sticker", "pk": 112, "fields": {"number": 11, "team": 15}}, {"model": "album.sticker", "pk": 113, "fields": {"number": 12, "team": 15}}, {"model": "album.sticker", "pk": 114, "fields": {"number": 15, "team": 15}}, {"model": "album.sticker", "pk": 116, "fields": {"number": 3, "team": 16}}, {"model": "album.sticker", "pk": 117, "fields": {"number": 6, "team": 16}}, {"model": "album.sticker", "pk": 118, "fields": {"number": 8, "team": 16}}, {"model": "album.sticker", "pk": 119, "fields": {"number": 13, "team": 16}}, {"model": "album.sticker", "pk": 120, "fields": {"number": 14, "team": 16}}, {"model": "album.sticker", "pk": 121, "fields": {"number": 16, "team": 16}}, {"model": "album.sticker", "pk": 122, "fields": {"number": 19, "team": 16}}, {"model": "album.sticker", "pk": 123, "fields": {"number": 4, "team": 17}}, {"model": "album.sticker", "pk": 124, "fields": {"number": 7, "team": 17}}, {"model": "album.sticker", "pk": 125, "fields": {"number": 8, "team": 17}}, {"model": "album.sticker", "pk": 126, "fields": {"number": 9, "team": 17}}, {"model": "album.sticker", "pk": 127, "fields": {"number": 11, "team": 17}}, {"model": "album.sticker", "pk": 128, "fields": {"number": 12, "team": 17}}, {"model": "album.sticker", "pk": 129, "fields": {"number": 14, "team": 17}}, {"model": "album.sticker", "pk": 130, "fields": {"number": 16, "team": 17}}, {"model": "album.sticker", "pk": 131, "fields": {"number": 2, "team": 18}}, {"model": "album.sticker", "pk": 132, "fields": {"number": 5, "team": 18}}, {"model": "album.sticker", "pk": 133, "fields": {"number": 8, "team": 18}}, {"model": "album.sticker", "pk": 134, "fields": {"number": 9, "team": 18}}, {"model": "album.sticker", "pk": 135, "fields": {"number": 11, "team": 18}}, {"model": "album.sticker", "pk": 136, "fields": {"number": 14, "team": 18}}, {"model": "album.sticker", "pk": 137, "fields": {"number": 1, "team": 19}}, {"model": "album.sticker", "pk": 138, "fields": {"number": 3, "team": 19}}, {"model": "album.sticker", "pk": 139, "fields": {"number": 4, "team": 19}}, {"model": "album.sticker", "pk": 140, "fields": {"number": 6, "team": 19}}, {"model": "album.sticker", "pk": 141, "fields": {"number": 8, "team": 19}}, {"model": "album.sticker", "pk": 142, "fields": {"number": 11, "team": 19}}, {"model": "album.sticker", "pk": 143, "fields": {"number": 15, "team": 19}}, {"model": "album.sticker", "pk": 144, "fields": {"number": 17, "team": 19}}, {"model": "album.sticker", "pk": 145, "fields": {"number": 2, "team": 20}}, {"model": "album.sticker", "pk": 146, "fields": {"number": 5, "team": 20}}, {"model": "album.sticker", "pk": 147, "fields": {"number": 10, "team": 20}}, {"model": "album.sticker", "pk": 148, "fields": {"number": 11, "team": 20}}, {"model": "album.sticker", "pk": 149, "fields": {"number": 13, "team": 20}}, {"model": "album.sticker", "pk": 150, "fields": {"number": 14, "team": 20}}, {"model": "album.sticker", "pk": 151, "fields": {"number": 15, "team": 20}}, {"model": "album.sticker", "pk": 152, "fields": {"number": 1, "team": 21}}, {"model": "album.sticker", "pk": 153, "fields": {"number": 9, "team": 21}}, {"model": "album.sticker", "pk": 154, "fields": {"number": 10, "team": 21}}, {"model": "album.sticker", "pk": 155, "fields": {"number": 11, "team": 21}}, {"model": "album.sticker", "pk": 156, "fields": {"number": 13, "team": 21}}, {"model": "album.sticker", "pk": 157, "fields": {"number": 16, "team": 21}}, {"model": "album.sticker", "pk": 158, "fields": {"number": 18, "team": 21}}, {"model": "album.sticker", "pk": 159, "fields": {"number": 3, "team": 22}}, {"model": "album.sticker", "pk": 160, "fields": {"number": 4, "team": 22}}, {"model": "album.sticker", "pk": 161, "fields": {"number": 8, "team": 22}}, {"model": "album.sticker", "pk": 162, "fields": {"number": 10, "team": 22}}, {"model": "album.sticker", "pk": 163, "fields": {"number": 18, "team": 22}}, {"model": "album.sticker", "pk": 164, "fields": {"number": 19, "team": 22}}, {"model": "album.sticker", "pk": 165, "fields": {"number": 4, "team": 23}}, {"model": "album.sticker", "pk": 166, "fields": {"number": 7, "team": 23}}, {"model": "album.sticker", "pk": 167, "fields": {"number": 8, "team": 23}}, {"model": "album.sticker", "pk": 168, "fields": {"number": 9, "team": 23}}, {"model": "album.sticker", "pk": 169, "fields": {"number": 13, "team": 23}}, {"model": "album.sticker", "pk": 170, "fields": {"number": 15, "team": 23}}, {"model": "album.sticker", "pk": 171, "fields": {"number": 17, "team": 23}}, {"model": "album.sticker", "pk": 172, "fields": {"number": 2, "team": 24}}, {"model": "album.sticker", "pk": 173, "fields": {"number": 5, "team": 24}}, {"model": "album.sticker", "pk": 174, "fields": {"number": 6, "team": 24}}, {"model": "album.sticker", "pk": 175, "fields": {"number": 15, "team": 24}}, {"model": "album.sticker", "pk": 176, "fields": {"number": 16, "team": 24}}, {"model": "album.sticker", "pk": 177, "fields": {"number": 17, "team": 24}}, {"model": "album.sticker", "pk": 178, "fields": {"number": 18, "team": 24}}, {"model": "album.sticker", "pk": 179, "fields": {"number": 7, "team": 25}}, {"model": "album.sticker", "pk": 180, "fields": {"number": 12, "team": 25}}, {"model": "album.sticker", "pk": 181, "fields": {"number": 14, "team": 25}}, {"model": "album.sticker", "pk": 182, "fields": {"number": 16, "team": 25}}, {"model": "album.sticker", "pk": 183, "fields": {"number": 5, "team": 26}}, {"model": "album.sticker", "pk": 184, "fields": {"number": 8, "team": 26}}, {"model": "album.sticker", "pk": 185, "fields": {"number": 15, "team": 26}}, {"model": "album.sticker", "pk": 186, "fields": {"number": 16, "team": 26}}, {"model": "album.sticker", "pk": 187, "fields": {"number": 2, "team": 27}}, {"model": "album.sticker", "pk": 188, "fields": {"number": 3, "team": 27}}, {"model": "album.sticker", "pk": 189, "fields": {"number": 4, "team": 27}}, {"model": "album.sticker", "pk": 190, "fields": {"number": 7, "team": 27}}, {"model": "album.sticker", "pk": 191, "fields": {"number": 11, "team": 27}}, {"model": "album.sticker", "pk": 192, "fields": {"number": 19, "team": 27}}, {"model": "album.sticker", "pk": 193, "fields": {"number": 7, "team": 28}}, {"model": "album.sticker", "pk": 194, "fields": {"number": 11, "team": 28}}, {"model": "album.sticker", "pk": 195, "fields": {"number": 12, "team": 28}}, {"model": "album.sticker", "pk": 196, "fields": {"number": 16, "team": 28}}, {"model": "album.sticker", "pk": 197, "fields": {"number": 7, "team": 29}}, {"model": "album.sticker", "pk": 198, "fields": {"number": 9, "team": 29}}, {"model": "album.sticker", "pk": 199, "fields": {"number": 13, "team": 29}}, {"model": "album.sticker", "pk": 200, "fields": {"number": 15, "team": 29}}, {"model": "album.sticker", "pk": 201, "fields": {"number": 16, "team": 29}}, {"model": "album.sticker", "pk": 202, "fields": {"number": 19, "team": 29}}, {"model": "album.sticker", "pk": 203, "fields": {"number": 2, "team": 30}}, {"model": "album.sticker", "pk": 204, "fields": {"number": 4, "team": 30}}, {"model": "album.sticker", "pk": 205, "fields": {"number": 5, "team": 30}}, {"model": "album.sticker", "pk": 206, "fields": {"number": 6, "team": 30}}, {"model": "album.sticker", "pk": 207, "fields": {"number": 7, "team": 30}}, {"model": "album.sticker", "pk": 208, "fields": {"number": 9, "team": 30}}, {"model": "album.sticker", "pk": 209, "fields": {"number": 10, "team": 30}}, {"model": "album.sticker", "pk": 210, "fields": {"number": 17, "team": 30}}, {"model": "album.sticker", "pk": 211, "fields": {"number": 2, "team": 31}}, {"model": "album.sticker", "pk": 212, "fields": {"number": 7, "team": 31}}, {"model": "album.sticker", "pk": 213, "fields": {"number": 14, "team": 31}}, {"model": "album.sticker", "pk": 214, "fields": {"number": 1, "team": 32}}, {"model": "album.sticker", "pk": 215, "fields": {"number": 2, "team": 32}}, {"model": "album.sticker", "pk": 216, "fields": {"number": 3, "team": 32}}, {"model": "album.sticker", "pk": 217, "fields": {"number": 11, "team": 32}}, {"model": "album.sticker", "pk": 218, "fields": {"number": 13, "team": 32}}, {"model": "album.sticker", "pk": 219, "fields": {"number": 17, "team": 32}}, {"model": "album.sticker", "pk": 220, "fields": {"number": 25, "team": 33}}, {"model": "album.sticker", "pk": 221, "fields": {"number": 28, "team": 33}}, {"model": "album.sticker", "pk": 223, "fields": {"number": 2, "team": 1}}, {"model": "album.sticker", "pk": 224, "fields": {"number": 19, "team": 1}}, {"model": "album.sticker", "pk": 225, "fields": {"number": 16, "team": 1}}, {"model": "album.sticker", "pk": 226, "fields": {"number": 15, "team": 1}}, {"model": "album.sticker", "pk": 227, "fields": {"number": 5, "team": 1}}, {"model": "album.sticker", "pk": 228, "fields": {"number": 4, "team": 1}}, {"model": "album.sticker", "pk": 229, "fields": {"number": 3, "team": 1}}, {"model": "album.sticker", "pk": 230, "fields": {"number": 14, "team": 2}}, {"model": "album.sticker", "pk": 231, "fields": {"number": 12, "team": 2}}, {"model": "album.sticker", "pk": 232, "fields": {"number": 9, "team": 2}}, {"model": "album.sticker", "pk": 233, "fields": {"number": 3, "team": 2}}, {"model": "album.sticker", "pk": 234, "fields": {"number": 12, "team": 3}}, {"model": "album.sticker", "pk": 235, "fields": {"number": 13, "team": 3}}, {"model": "album.sticker", "pk": 236, "fields": {"number": 3, "team": 3}}, {"model": "album.sticker", "pk": 237, "fields": {"number": 1, "team": 4}}, {"model": "album.sticker", "pk": 238, "fields": {"number": 10, "team": 4}}, {"model": "album.sticker", "pk": 239, "fields": {"number": 9, "team": 4}}]